{"cameraMode":{"drawMode":0,"name":"Shaded","section":"Shading Mode"},"sceneLighting":false,"audioPlay":false,"sceneViewState":{"m_AlwaysRefresh":false,"showFog":false,"showSkybox":false,"showFlares":false,"showImageEffects":false,"showParticleSystems":false,"showVisualEffectGraphs":true,"m_FxEnabled":true},"in2DMode":false,"pivot":{"x":-0.1557973027229309,"y":0.11264991760253906,"z":-0.8550750017166138},"rotation":{"x":0.11401944607496262,"y":-0.8022222518920898,"z":0.5630813241004944,"w":0.16245047748088838},"size":1.7818870544433594,"orthographic":false}