{"cameraMode":{"drawMode":0,"name":"Shaded","section":"Shading Mode"},"sceneLighting":true,"audioPlay":false,"sceneViewState":{"m_AlwaysRefresh":true,"showFog":true,"showSkybox":true,"showFlares":true,"showImageEffects":true,"showParticleSystems":true,"showVisualEffectGraphs":true,"m_FxEnabled":true},"in2DMode":false,"pivot":{"x":7.249089241027832,"y":2.76827335357666,"z":12.231240272521973},"rotation":{"x":-0.10939792543649674,"y":0.058707643300294879,"z":-0.006472584325820208,"w":-0.9922443628311157},"size":4.477108001708984,"orthographic":false}